"barcode","bayesspace_domain"
"bin8_284_471","2"
"bin8_284_472","2"
"bin8_284_473","2"
"bin8_284_474","2"
"bin8_284_475","2"
"bin8_284_476","5"
"bin8_284_477","5"
"bin8_284_478","5"
"bin8_284_479","5"
"bin8_285_466","3"
"bin8_285_467","3"
"bin8_285_468","3"
"bin8_285_469","2"
"bin8_285_470","2"
"bin8_285_471","3"
"bin8_285_472","3"
"bin8_285_473","3"
"bin8_285_474","5"
"bin8_285_475","5"
"bin8_285_476","5"
"bin8_285_477","5"
"bin8_285_478","5"
"bin8_285_479","5"
"bin8_285_480","5"
"bin8_285_481","5"
"bin8_285_482","1"
"bin8_285_483","1"
"bin8_285_484","5"
"bin8_286_463","5"
"bin8_286_464","5"
"bin8_286_465","5"
"bin8_286_466","3"
"bin8_286_467","2"
"bin8_286_468","2"
"bin8_286_469","2"
"bin8_286_470","2"
"bin8_286_471","2"
"bin8_286_472","2"
"bin8_286_473","2"
"bin8_286_474","2"
"bin8_286_475","5"
"bin8_286_476","5"
"bin8_286_477","5"
"bin8_286_478","5"
"bin8_286_479","5"
"bin8_286_480","5"
"bin8_286_481","5"
"bin8_286_482","5"
"bin8_286_483","1"
"bin8_286_484","5"
"bin8_286_485","2"
"bin8_286_486","2"
"bin8_286_487","2"
"bin8_287_461","1"
"bin8_287_462","1"
"bin8_287_463","1"
"bin8_287_464","1"
"bin8_287_465","1"
"bin8_287_466","2"
"bin8_287_467","2"
"bin8_287_468","2"
"bin8_287_469","2"
"bin8_287_470","2"
"bin8_287_471","2"
"bin8_287_472","2"
"bin8_287_473","2"
"bin8_287_474","2"
"bin8_287_475","2"
"bin8_287_476","5"
"bin8_287_477","5"
"bin8_287_478","5"
"bin8_287_479","5"
"bin8_287_480","5"
"bin8_287_481","3"
"bin8_287_482","5"
"bin8_287_483","3"
"bin8_287_484","3"
"bin8_287_485","2"
"bin8_287_486","2"
"bin8_287_487","2"
"bin8_287_488","2"
"bin8_287_489","2"
"bin8_288_459","4"
"bin8_288_460","3"
"bin8_288_461","3"
"bin8_288_462","1"
"bin8_288_463","1"
"bin8_288_464","1"
"bin8_288_465","1"
"bin8_288_466","2"
"bin8_288_467","2"
"bin8_288_468","2"
"bin8_288_469","2"
"bin8_288_470","2"
"bin8_288_471","2"
"bin8_288_472","2"
"bin8_288_473","2"
"bin8_288_474","2"
"bin8_288_475","2"
"bin8_288_476","2"
"bin8_288_477","3"
"bin8_288_478","3"
"bin8_288_479","3"
"bin8_288_480","2"
"bin8_288_481","3"
"bin8_288_482","3"
"bin8_288_483","3"
"bin8_288_484","5"
"bin8_288_485","5"
"bin8_288_486","2"
"bin8_288_487","2"
"bin8_288_488","2"
"bin8_288_489","2"
"bin8_288_490","2"
"bin8_288_491","2"
"bin8_289_457","4"
"bin8_289_458","4"
"bin8_289_459","5"
"bin8_289_460","3"
"bin8_289_461","3"
"bin8_289_462","3"
"bin8_289_463","1"
"bin8_289_464","1"
"bin8_289_465","2"
"bin8_289_466","2"
"bin8_289_467","2"
"bin8_289_468","2"
"bin8_289_469","2"
"bin8_289_470","2"
"bin8_289_471","2"
"bin8_289_472","2"
"bin8_289_473","2"
"bin8_289_474","2"
"bin8_289_475","2"
"bin8_289_476","2"
"bin8_289_477","2"
"bin8_289_478","3"
"bin8_289_479","3"
"bin8_289_480","3"
"bin8_289_481","2"
"bin8_289_482","2"
"bin8_289_483","2"
"bin8_289_484","5"
"bin8_289_485","5"
"bin8_289_486","5"
"bin8_289_487","2"
"bin8_289_488","2"
"bin8_289_489","2"
"bin8_289_490","2"
"bin8_289_491","2"
"bin8_289_492","2"
"bin8_289_493","2"
"bin8_290_456","4"
"bin8_290_457","4"
"bin8_290_458","4"
"bin8_290_459","4"
"bin8_290_460","1"
"bin8_290_461","1"
"bin8_290_462","1"
"bin8_290_463","1"
"bin8_290_464","1"
"bin8_290_465","2"
"bin8_290_466","2"
"bin8_290_467","2"
"bin8_290_468","2"
"bin8_290_469","2"
"bin8_290_470","2"
"bin8_290_471","2"
"bin8_290_472","2"
"bin8_290_473","2"
"bin8_290_474","2"
"bin8_290_475","2"
"bin8_290_476","2"
"bin8_290_477","2"
"bin8_290_478","3"
"bin8_290_479","3"
"bin8_290_480","3"
"bin8_290_481","2"
"bin8_290_482","2"
"bin8_290_483","2"
"bin8_290_484","2"
"bin8_290_485","5"
"bin8_290_486","5"
"bin8_290_487","2"
"bin8_290_488","2"
"bin8_290_489","2"
"bin8_290_490","2"
"bin8_290_491","2"
"bin8_290_492","2"
"bin8_290_493","2"
"bin8_290_494","2"
"bin8_291_455","4"
"bin8_291_456","4"
"bin8_291_457","4"
"bin8_291_458","4"
"bin8_291_459","4"
"bin8_291_460","1"
"bin8_291_461","1"
"bin8_291_462","1"
"bin8_291_463","1"
"bin8_291_464","1"
"bin8_291_465","1"
"bin8_291_466","5"
"bin8_291_467","2"
"bin8_291_468","2"
"bin8_291_469","2"
"bin8_291_470","2"
"bin8_291_471","2"
"bin8_291_472","2"
"bin8_291_473","2"
"bin8_291_474","2"
"bin8_291_475","2"
"bin8_291_476","2"
"bin8_291_477","2"
"bin8_291_478","3"
"bin8_291_479","3"
"bin8_291_480","3"
"bin8_291_481","2"
"bin8_291_482","2"
"bin8_291_483","2"
"bin8_291_484","2"
"bin8_291_485","5"
"bin8_291_486","5"
"bin8_291_487","5"
"bin8_291_488","5"
"bin8_291_489","2"
"bin8_291_490","2"
"bin8_291_491","2"
"bin8_291_492","2"
"bin8_291_493","2"
"bin8_291_494","2"
"bin8_291_495","2"
"bin8_292_453","3"
"bin8_292_454","3"
"bin8_292_455","4"
"bin8_292_456","4"
"bin8_292_457","4"
"bin8_292_458","4"
"bin8_292_459","4"
"bin8_292_460","1"
"bin8_292_461","1"
"bin8_292_462","1"
"bin8_292_463","1"
"bin8_292_464","1"
"bin8_292_465","1"
"bin8_292_466","1"
"bin8_292_467","2"
"bin8_292_468","2"
"bin8_292_469","2"
"bin8_292_470","2"
"bin8_292_471","2"
"bin8_292_472","2"
"bin8_292_473","2"
"bin8_292_474","2"
"bin8_292_475","2"
"bin8_292_476","2"
"bin8_292_477","2"
"bin8_292_478","3"
"bin8_292_479","3"
"bin8_292_480","3"
"bin8_292_481","3"
"bin8_292_482","3"
"bin8_292_483","3"
"bin8_292_484","2"
"bin8_292_485","1"
"bin8_292_486","1"
"bin8_292_487","1"
"bin8_292_488","5"
"bin8_292_489","3"
"bin8_292_490","2"
"bin8_292_491","2"
"bin8_292_492","2"
"bin8_292_493","2"
"bin8_292_494","2"
"bin8_292_495","2"
"bin8_292_496","2"
"bin8_292_497","5"
"bin8_293_452","1"
"bin8_293_453","3"
"bin8_293_454","3"
"bin8_293_455","4"
"bin8_293_456","4"
"bin8_293_457","4"
"bin8_293_458","4"
"bin8_293_459","4"
"bin8_293_460","1"
"bin8_293_461","1"
"bin8_293_462","1"
"bin8_293_463","1"
"bin8_293_464","5"
"bin8_293_465","1"
"bin8_293_466","1"
"bin8_293_467","3"
"bin8_293_468","2"
"bin8_293_469","2"
"bin8_293_470","2"
"bin8_293_471","2"
"bin8_293_472","2"
"bin8_293_473","2"
"bin8_293_474","2"
"bin8_293_475","2"
"bin8_293_476","2"
"bin8_293_477","1"
"bin8_293_478","1"
"bin8_293_479","1"
"bin8_293_480","3"
"bin8_293_481","3"
"bin8_293_482","3"
"bin8_293_483","5"
"bin8_293_484","5"
"bin8_293_485","5"
"bin8_293_486","1"
"bin8_293_487","1"
"bin8_293_488","5"
"bin8_293_489","5"
"bin8_293_490","5"
"bin8_293_491","5"
"bin8_293_492","5"
"bin8_293_493","5"
"bin8_293_494","5"
"bin8_293_495","5"
"bin8_293_496","5"
"bin8_293_497","5"
"bin8_293_498","5"
"bin8_294_451","1"
"bin8_294_452","1"
"bin8_294_453","1"
"bin8_294_454","3"
"bin8_294_455","4"
"bin8_294_456","4"
"bin8_294_457","4"
"bin8_294_458","4"
"bin8_294_459","2"
"bin8_294_460","4"
"bin8_294_461","1"
"bin8_294_462","5"
"bin8_294_463","3"
"bin8_294_464","5"
"bin8_294_465","1"
"bin8_294_466","1"
"bin8_294_467","5"
"bin8_294_468","3"
"bin8_294_469","3"
"bin8_294_470","2"
"bin8_294_471","2"
"bin8_294_472","2"
"bin8_294_473","2"
"bin8_294_474","2"
"bin8_294_475","2"
"bin8_294_476","3"
"bin8_294_477","1"
"bin8_294_478","3"
"bin8_294_479","3"
"bin8_294_480","3"
"bin8_294_481","3"
"bin8_294_482","5"
"bin8_294_483","5"
"bin8_294_484","5"
"bin8_294_485","5"
"bin8_294_486","5"
"bin8_294_487","5"
"bin8_294_488","2"
"bin8_294_489","2"
"bin8_294_490","2"
"bin8_294_491","2"
"bin8_294_492","2"
"bin8_294_493","5"
"bin8_294_494","5"
"bin8_294_495","5"
"bin8_294_496","5"
"bin8_294_497","5"
"bin8_294_498","5"
"bin8_294_499","5"
"bin8_295_450","3"
"bin8_295_451","1"
"bin8_295_452","1"
"bin8_295_453","1"
"bin8_295_454","3"
"bin8_295_455","4"
"bin8_295_456","4"
"bin8_295_457","4"
"bin8_295_458","4"
"bin8_295_459","4"
"bin8_295_460","4"
"bin8_295_461","5"
"bin8_295_462","3"
"bin8_295_463","3"
"bin8_295_464","3"
"bin8_295_465","1"
"bin8_295_466","1"
"bin8_295_467","5"
"bin8_295_468","3"
"bin8_295_469","3"
"bin8_295_470","3"
"bin8_295_471","3"
"bin8_295_472","3"
"bin8_295_473","5"
"bin8_295_474","5"
"bin8_295_475","5"
"bin8_295_476","5"
"bin8_295_477","3"
"bin8_295_478","3"
"bin8_295_479","3"
"bin8_295_480","3"
"bin8_295_481","3"
"bin8_295_482","5"
"bin8_295_483","5"
"bin8_295_484","1"
"bin8_295_485","1"
"bin8_295_486","2"
"bin8_295_487","2"
"bin8_295_488","2"
"bin8_295_489","2"
"bin8_295_490","2"
"bin8_295_491","2"
"bin8_295_492","2"
"bin8_295_493","2"
"bin8_295_494","2"
"bin8_295_495","2"
"bin8_295_496","5"
"bin8_295_497","5"
"bin8_295_498","1"
"bin8_295_499","5"
"bin8_295_500","5"
"bin8_296_450","3"
"bin8_296_451","1"
"bin8_296_452","1"
"bin8_296_453","5"
"bin8_296_454","3"
"bin8_296_455","4"
"bin8_296_456","4"
"bin8_296_457","4"
"bin8_296_458","4"
"bin8_296_459","4"
"bin8_296_460","4"
"bin8_296_461","3"
"bin8_296_462","3"
"bin8_296_463","3"
"bin8_296_464","1"
"bin8_296_465","1"
"bin8_296_466","1"
"bin8_296_467","5"
"bin8_296_468","3"
"bin8_296_469","3"
"bin8_296_470","2"
"bin8_296_471","2"
"bin8_296_472","2"
"bin8_296_473","5"
"bin8_296_474","5"
"bin8_296_475","5"
"bin8_296_476","5"
"bin8_296_477","5"
"bin8_296_478","1"
"bin8_296_479","5"
"bin8_296_480","5"
"bin8_296_481","5"
"bin8_296_482","5"
"bin8_296_483","5"
"bin8_296_484","1"
"bin8_296_485","1"
"bin8_296_486","2"
"bin8_296_487","2"
"bin8_296_488","2"
"bin8_296_489","2"
"bin8_296_490","2"
"bin8_296_491","2"
"bin8_296_492","2"
"bin8_296_493","2"
"bin8_296_494","2"
"bin8_296_495","2"
"bin8_296_496","2"
"bin8_296_497","1"
"bin8_296_498","1"
"bin8_296_499","5"
"bin8_296_500","5"
"bin8_297_449","3"
"bin8_297_450","3"
"bin8_297_451","3"
"bin8_297_452","3"
"bin8_297_453","3"
"bin8_297_454","3"
"bin8_297_455","4"
"bin8_297_456","4"
"bin8_297_457","4"
"bin8_297_458","4"
"bin8_297_459","4"
"bin8_297_460","4"
"bin8_297_461","4"
"bin8_297_462","1"
"bin8_297_463","1"
"bin8_297_464","1"
"bin8_297_465","1"
"bin8_297_466","1"
"bin8_297_467","3"
"bin8_297_468","2"
"bin8_297_469","2"
"bin8_297_470","2"
"bin8_297_471","2"
"bin8_297_472","2"
"bin8_297_473","2"
"bin8_297_474","2"
"bin8_297_475","5"
"bin8_297_476","5"
"bin8_297_477","5"
"bin8_297_478","5"
"bin8_297_479","5"
"bin8_297_480","5"
"bin8_297_481","5"
"bin8_297_482","5"
"bin8_297_483","5"
"bin8_297_484","1"
"bin8_297_485","5"
"bin8_297_486","2"
"bin8_297_487","2"
"bin8_297_488","2"
"bin8_297_489","2"
"bin8_297_490","2"
"bin8_297_491","2"
"bin8_297_492","2"
"bin8_297_493","2"
"bin8_297_494","2"
"bin8_297_495","2"
"bin8_297_496","2"
"bin8_297_497","2"
"bin8_297_498","5"
"bin8_297_499","5"
"bin8_297_500","5"
"bin8_297_501","5"
"bin8_298_448","3"
"bin8_298_449","3"
"bin8_298_450","3"
"bin8_298_451","3"
"bin8_298_452","3"
"bin8_298_453","3"
"bin8_298_454","3"
"bin8_298_455","4"
"bin8_298_456","4"
"bin8_298_457","4"
"bin8_298_458","4"
"bin8_298_459","4"
"bin8_298_460","4"
"bin8_298_461","1"
"bin8_298_462","1"
"bin8_298_463","1"
"bin8_298_464","1"
"bin8_298_465","1"
"bin8_298_466","1"
"bin8_298_467","2"
"bin8_298_468","2"
"bin8_298_469","2"
"bin8_298_470","2"
"bin8_298_471","2"
"bin8_298_472","2"
"bin8_298_473","2"
"bin8_298_474","2"
"bin8_298_475","2"
"bin8_298_476","5"
"bin8_298_477","5"
"bin8_298_478","5"
"bin8_298_479","5"
"bin8_298_480","5"
"bin8_298_481","5"
"bin8_298_482","5"
"bin8_298_483","1"
"bin8_298_484","1"
"bin8_298_485","5"
"bin8_298_486","2"
"bin8_298_487","2"
"bin8_298_488","2"
"bin8_298_489","2"
"bin8_298_490","2"
"bin8_298_491","2"
"bin8_298_492","2"
"bin8_298_493","2"
"bin8_298_494","2"
"bin8_298_495","2"
"bin8_298_496","2"
"bin8_298_497","2"
"bin8_298_498","5"
"bin8_298_499","5"
"bin8_298_500","5"
"bin8_298_501","5"
"bin8_298_502","1"
"bin8_299_447","3"
"bin8_299_448","3"
"bin8_299_449","3"
"bin8_299_450","3"
"bin8_299_451","3"
"bin8_299_452","3"
"bin8_299_453","3"
"bin8_299_454","4"
"bin8_299_455","4"
"bin8_299_456","4"
"bin8_299_457","4"
"bin8_299_458","4"
"bin8_299_459","4"
"bin8_299_460","4"
"bin8_299_461","1"
"bin8_299_462","1"
"bin8_299_463","1"
"bin8_299_464","1"
"bin8_299_465","1"
"bin8_299_466","3"
"bin8_299_467","2"
"bin8_299_468","2"
"bin8_299_469","2"
"bin8_299_470","2"
"bin8_299_471","2"
"bin8_299_472","2"
"bin8_299_473","2"
"bin8_299_474","2"
"bin8_299_475","2"
"bin8_299_476","5"
"bin8_299_477","5"
"bin8_299_478","5"
"bin8_299_479","5"
"bin8_299_480","5"
"bin8_299_481","1"
"bin8_299_482","1"
"bin8_299_483","1"
"bin8_299_484","1"
"bin8_299_485","5"
"bin8_299_486","2"
"bin8_299_487","2"
"bin8_299_488","2"
"bin8_299_489","2"
"bin8_299_490","2"
"bin8_299_491","2"
"bin8_299_492","2"
"bin8_299_493","2"
"bin8_299_494","2"
"bin8_299_495","2"
"bin8_299_496","2"
"bin8_299_497","2"
"bin8_299_498","2"
"bin8_299_499","2"
"bin8_299_500","5"
"bin8_299_501","5"
"bin8_299_502","1"
"bin8_299_503","1"
"bin8_300_447","3"
"bin8_300_448","3"
"bin8_300_449","3"
"bin8_300_450","3"
"bin8_300_451","3"
"bin8_300_452","3"
"bin8_300_453","3"
"bin8_300_454","4"
"bin8_300_455","4"
"bin8_300_456","4"
"bin8_300_457","4"
"bin8_300_458","4"
"bin8_300_459","4"
"bin8_300_460","4"
"bin8_300_461","1"
"bin8_300_462","1"
"bin8_300_463","1"
"bin8_300_464","1"
"bin8_300_465","1"
"bin8_300_466","3"
"bin8_300_467","3"
"bin8_300_468","3"
"bin8_300_469","2"
"bin8_300_470","2"
"bin8_300_471","2"
"bin8_300_472","2"
"bin8_300_473","2"
"bin8_300_474","2"
"bin8_300_475","2"
"bin8_300_476","2"
"bin8_300_477","5"
"bin8_300_478","5"
"bin8_300_479","5"
"bin8_300_480","5"
"bin8_300_481","1"
"bin8_300_482","1"
"bin8_300_483","1"
"bin8_300_484","5"
"bin8_300_485","5"
"bin8_300_486","5"
"bin8_300_487","2"
"bin8_300_488","2"
"bin8_300_489","2"
"bin8_300_490","2"
"bin8_300_491","2"
"bin8_300_492","2"
"bin8_300_493","2"
"bin8_300_494","2"
"bin8_300_495","2"
"bin8_300_496","2"
"bin8_300_497","2"
"bin8_300_498","2"
"bin8_300_499","2"
"bin8_300_500","2"
"bin8_300_501","2"
"bin8_300_502","2"
"bin8_300_503","2"
"bin8_301_446","5"
"bin8_301_447","3"
"bin8_301_448","3"
"bin8_301_449","3"
"bin8_301_450","3"
"bin8_301_451","3"
"bin8_301_452","5"
"bin8_301_453","5"
"bin8_301_454","4"
"bin8_301_455","4"
"bin8_301_456","4"
"bin8_301_457","4"
"bin8_301_458","4"
"bin8_301_459","4"
"bin8_301_460","4"
"bin8_301_461","1"
"bin8_301_462","1"
"bin8_301_463","1"
"bin8_301_464","1"
"bin8_301_465","1"
"bin8_301_466","3"
"bin8_301_467","3"
"bin8_301_468","3"
"bin8_301_469","2"
"bin8_301_470","2"
"bin8_301_471","2"
"bin8_301_472","2"
"bin8_301_473","2"
"bin8_301_474","2"
"bin8_301_475","2"
"bin8_301_476","2"
"bin8_301_477","1"
"bin8_301_478","1"
"bin8_301_479","5"
"bin8_301_480","5"
"bin8_301_481","1"
"bin8_301_482","1"
"bin8_301_483","1"
"bin8_301_484","5"
"bin8_301_485","5"
"bin8_301_486","5"
"bin8_301_487","5"
"bin8_301_488","2"
"bin8_301_489","2"
"bin8_301_490","2"
"bin8_301_491","2"
"bin8_301_492","2"
"bin8_301_493","2"
"bin8_301_494","2"
"bin8_301_495","2"
"bin8_301_496","2"
"bin8_301_497","2"
"bin8_301_498","2"
"bin8_301_499","2"
"bin8_301_500","2"
"bin8_301_501","2"
"bin8_301_502","2"
"bin8_301_503","2"
"bin8_301_504","2"
"bin8_302_446","5"
"bin8_302_447","3"
"bin8_302_448","3"
"bin8_302_449","3"
"bin8_302_450","1"
"bin8_302_451","1"
"bin8_302_452","5"
"bin8_302_453","1"
"bin8_302_454","1"
"bin8_302_455","5"
"bin8_302_456","3"
"bin8_302_457","4"
"bin8_302_458","4"
"bin8_302_459","4"
"bin8_302_460","4"
"bin8_302_461","1"
"bin8_302_462","1"
"bin8_302_463","1"
"bin8_302_464","1"
"bin8_302_465","1"
"bin8_302_466","3"
"bin8_302_467","3"
"bin8_302_468","3"
"bin8_302_469","2"
"bin8_302_470","3"
"bin8_302_471","2"
"bin8_302_472","2"
"bin8_302_473","2"
"bin8_302_474","2"
"bin8_302_475","2"
"bin8_302_476","1"
"bin8_302_477","1"
"bin8_302_478","1"
"bin8_302_479","1"
"bin8_302_480","1"
"bin8_302_481","1"
"bin8_302_482","1"
"bin8_302_483","1"
"bin8_302_484","1"
"bin8_302_485","1"
"bin8_302_486","1"
"bin8_302_487","1"
"bin8_302_488","1"
"bin8_302_489","1"
"bin8_302_490","5"
"bin8_302_491","3"
"bin8_302_492","2"
"bin8_302_493","2"
"bin8_302_494","2"
"bin8_302_495","2"
"bin8_302_496","2"
"bin8_302_497","2"
"bin8_302_498","2"
"bin8_302_499","2"
"bin8_302_500","2"
"bin8_302_501","2"
"bin8_302_502","2"
"bin8_302_503","2"
"bin8_302_504","2"
"bin8_303_445","3"
"bin8_303_446","3"
"bin8_303_447","1"
"bin8_303_448","3"
"bin8_303_449","1"
"bin8_303_450","1"
"bin8_303_451","1"
"bin8_303_452","5"
"bin8_303_453","1"
"bin8_303_454","1"
"bin8_303_455","5"
"bin8_303_456","4"
"bin8_303_457","4"
"bin8_303_458","4"
"bin8_303_459","4"
"bin8_303_460","4"
"bin8_303_461","1"
"bin8_303_462","1"
"bin8_303_463","1"
"bin8_303_464","1"
"bin8_303_465","1"
"bin8_303_466","5"
"bin8_303_467","3"
"bin8_303_468","1"
"bin8_303_469","1"
"bin8_303_470","5"
"bin8_303_471","2"
"bin8_303_472","2"
"bin8_303_473","2"
"bin8_303_474","2"
"bin8_303_475","2"
"bin8_303_476","1"
"bin8_303_477","1"
"bin8_303_478","5"
"bin8_303_479","5"
"bin8_303_480","5"
"bin8_303_481","5"
"bin8_303_482","5"
"bin8_303_483","5"
"bin8_303_484","5"
"bin8_303_485","5"
"bin8_303_486","1"
"bin8_303_487","1"
"bin8_303_488","1"
"bin8_303_489","5"
"bin8_303_490","5"
"bin8_303_491","5"
"bin8_303_492","2"
"bin8_303_493","2"
"bin8_303_494","2"
"bin8_303_495","2"
"bin8_303_496","2"
"bin8_303_497","2"
"bin8_303_498","2"
"bin8_303_499","2"
"bin8_303_500","2"
"bin8_303_501","2"
"bin8_303_502","2"
"bin8_303_503","2"
"bin8_303_504","2"
"bin8_303_505","2"
"bin8_304_445","3"
"bin8_304_446","3"
"bin8_304_447","3"
"bin8_304_448","3"
"bin8_304_449","1"
"bin8_304_450","1"
"bin8_304_451","1"
"bin8_304_452","1"
"bin8_304_453","1"
"bin8_304_454","1"
"bin8_304_455","5"
"bin8_304_456","4"
"bin8_304_457","4"
"bin8_304_458","4"
"bin8_304_459","4"
"bin8_304_460","4"
"bin8_304_461","1"
"bin8_304_462","1"
"bin8_304_463","1"
"bin8_304_464","1"
"bin8_304_465","3"
"bin8_304_466","3"
"bin8_304_467","3"
"bin8_304_468","1"
"bin8_304_469","1"
"bin8_304_470","1"
"bin8_304_471","1"
"bin8_304_472","1"
"bin8_304_473","2"
"bin8_304_474","5"
"bin8_304_475","5"
"bin8_304_476","1"
"bin8_304_477","1"
"bin8_304_478","5"
"bin8_304_479","5"
"bin8_304_480","5"
"bin8_304_481","5"
"bin8_304_482","5"
"bin8_304_483","5"
"bin8_304_484","5"
"bin8_304_485","5"
"bin8_304_486","1"
"bin8_304_487","1"
"bin8_304_488","1"
"bin8_304_489","5"
"bin8_304_490","5"
"bin8_304_491","5"
"bin8_304_492","5"
"bin8_304_493","2"
"bin8_304_494","2"
"bin8_304_495","2"
"bin8_304_496","2"
"bin8_304_497","2"
"bin8_304_498","2"
"bin8_304_499","2"
"bin8_304_500","2"
"bin8_304_501","2"
"bin8_304_502","2"
"bin8_304_503","2"
"bin8_304_504","2"
"bin8_304_505","2"
"bin8_305_444","3"
"bin8_305_445","3"
"bin8_305_446","3"
"bin8_305_447","3"
"bin8_305_448","3"
"bin8_305_449","1"
"bin8_305_450","1"
"bin8_305_451","1"
"bin8_305_452","1"
"bin8_305_453","1"
"bin8_305_454","1"
"bin8_305_455","1"
"bin8_305_456","4"
"bin8_305_457","4"
"bin8_305_458","4"
"bin8_305_459","4"
"bin8_305_460","4"
"bin8_305_461","1"
"bin8_305_462","1"
"bin8_305_463","1"
"bin8_305_464","5"
"bin8_305_465","3"
"bin8_305_466","3"
"bin8_305_467","1"
"bin8_305_468","1"
"bin8_305_469","1"
"bin8_305_470","1"
"bin8_305_471","1"
"bin8_305_472","1"
"bin8_305_473","1"
"bin8_305_474","5"
"bin8_305_475","5"
"bin8_305_476","5"
"bin8_305_477","5"
"bin8_305_478","5"
"bin8_305_479","5"
"bin8_305_480","1"
"bin8_305_481","1"
"bin8_305_482","1"
"bin8_305_483","1"
"bin8_305_484","5"
"bin8_305_485","5"
"bin8_305_486","1"
"bin8_305_487","1"
"bin8_305_488","1"
"bin8_305_489","5"
"bin8_305_490","5"
"bin8_305_491","5"
"bin8_305_492","3"
"bin8_305_493","2"
"bin8_305_494","2"
"bin8_305_495","2"
"bin8_305_496","2"
"bin8_305_497","2"
"bin8_305_498","2"
"bin8_305_499","2"
"bin8_305_500","2"
"bin8_305_501","2"
"bin8_305_502","2"
"bin8_305_503","2"
"bin8_305_504","2"
"bin8_305_505","2"
"bin8_305_506","2"
"bin8_306_444","3"
"bin8_306_445","3"
"bin8_306_446","3"
"bin8_306_447","3"
"bin8_306_448","3"
"bin8_306_449","5"
"bin8_306_450","5"
"bin8_306_451","1"
"bin8_306_452","1"
"bin8_306_453","1"
"bin8_306_454","1"
"bin8_306_455","1"
"bin8_306_456","4"
"bin8_306_457","4"
"bin8_306_458","4"
"bin8_306_459","4"
"bin8_306_460","4"
"bin8_306_461","5"
"bin8_306_462","5"
"bin8_306_463","3"
"bin8_306_464","3"
"bin8_306_465","3"
"bin8_306_466","3"
"bin8_306_467","3"
"bin8_306_468","3"
"bin8_306_469","3"
"bin8_306_470","1"
"bin8_306_471","1"
"bin8_306_472","1"
"bin8_306_473","5"
"bin8_306_474","5"
"bin8_306_475","5"
"bin8_306_476","5"
"bin8_306_477","5"
"bin8_306_478","5"
"bin8_306_479","5"
"bin8_306_480","5"
"bin8_306_481","1"
"bin8_306_482","5"
"bin8_306_483","5"
"bin8_306_484","5"
"bin8_306_485","5"
"bin8_306_486","5"
"bin8_306_487","2"
"bin8_306_488","2"
"bin8_306_489","2"
"bin8_306_490","2"
"bin8_306_491","2"
"bin8_306_492","1"
"bin8_306_493","1"
"bin8_306_494","1"
"bin8_306_495","2"
"bin8_306_496","2"
"bin8_306_497","2"
"bin8_306_498","2"
"bin8_306_499","2"
"bin8_306_500","2"
"bin8_306_501","2"
"bin8_306_502","2"
"bin8_306_503","2"
"bin8_306_504","2"
"bin8_306_505","5"
"bin8_306_506","2"
"bin8_307_444","3"
"bin8_307_445","3"
"bin8_307_446","3"
"bin8_307_447","3"
"bin8_307_448","3"
"bin8_307_449","5"
"bin8_307_450","5"
"bin8_307_451","1"
"bin8_307_452","1"
"bin8_307_453","1"
"bin8_307_454","1"
"bin8_307_455","1"
"bin8_307_456","4"
"bin8_307_457","4"
"bin8_307_458","4"
"bin8_307_459","4"
"bin8_307_460","4"
"bin8_307_461","5"
"bin8_307_462","5"
"bin8_307_463","3"
"bin8_307_464","3"
"bin8_307_465","3"
"bin8_307_466","3"
"bin8_307_467","3"
"bin8_307_468","3"
"bin8_307_469","3"
"bin8_307_470","2"
"bin8_307_471","2"
"bin8_307_472","2"
"bin8_307_473","2"
"bin8_307_474","2"
"bin8_307_475","2"
"bin8_307_476","5"
"bin8_307_477","5"
"bin8_307_478","5"
"bin8_307_479","5"
"bin8_307_480","5"
"bin8_307_481","1"
"bin8_307_482","5"
"bin8_307_483","5"
"bin8_307_484","5"
"bin8_307_485","5"
"bin8_307_486","5"
"bin8_307_487","2"
"bin8_307_488","2"
"bin8_307_489","2"
"bin8_307_490","2"
"bin8_307_491","2"
"bin8_307_492","2"
"bin8_307_493","1"
"bin8_307_494","1"
"bin8_307_495","1"
"bin8_307_496","1"
"bin8_307_497","5"
"bin8_307_498","5"
"bin8_307_499","2"
"bin8_307_500","2"
"bin8_307_501","2"
"bin8_307_502","2"
"bin8_307_503","2"
"bin8_307_504","2"
"bin8_307_505","2"
"bin8_307_506","2"
"bin8_308_443","3"
"bin8_308_444","3"
"bin8_308_445","3"
"bin8_308_446","3"
"bin8_308_447","3"
"bin8_308_448","3"
"bin8_308_449","3"
"bin8_308_450","3"
"bin8_308_451","3"
"bin8_308_452","1"
"bin8_308_453","1"
"bin8_308_454","1"
"bin8_308_455","1"
"bin8_308_456","1"
"bin8_308_457","1"
"bin8_308_458","4"
"bin8_308_459","5"
"bin8_308_460","5"
"bin8_308_461","3"
"bin8_308_462","3"
"bin8_308_463","3"
"bin8_308_464","3"
"bin8_308_465","3"
"bin8_308_466","3"
"bin8_308_467","3"
"bin8_308_468","3"
"bin8_308_469","3"
"bin8_308_470","2"
"bin8_308_471","2"
"bin8_308_472","2"
"bin8_308_473","2"
"bin8_308_474","2"
"bin8_308_475","2"
"bin8_308_476","2"
"bin8_308_477","2"
"bin8_308_478","2"
"bin8_308_479","5"
"bin8_308_480","1"
"bin8_308_481","1"
"bin8_308_482","1"
"bin8_308_483","1"
"bin8_308_484","5"
"bin8_308_485","5"
"bin8_308_486","2"
"bin8_308_487","2"
"bin8_308_488","2"
"bin8_308_489","2"
"bin8_308_490","2"
"bin8_308_491","2"
"bin8_308_492","2"
"bin8_308_493","2"
"bin8_308_494","2"
"bin8_308_495","1"
"bin8_308_496","1"
"bin8_308_497","1"
"bin8_308_498","5"
"bin8_308_499","5"
"bin8_308_500","1"
"bin8_308_501","5"
"bin8_308_502","3"
"bin8_308_503","2"
"bin8_308_504","2"
"bin8_308_505","2"
"bin8_308_506","2"
"bin8_308_507","2"
"bin8_309_443","3"
"bin8_309_444","3"
"bin8_309_445","3"
"bin8_309_446","3"
"bin8_309_447","3"
"bin8_309_448","3"
"bin8_309_449","3"
"bin8_309_450","3"
"bin8_309_451","3"
"bin8_309_452","1"
"bin8_309_453","1"
"bin8_309_454","1"
"bin8_309_455","1"
"bin8_309_456","1"
"bin8_309_457","1"
"bin8_309_458","4"
"bin8_309_459","4"
"bin8_309_460","4"
"bin8_309_461","5"
"bin8_309_462","1"
"bin8_309_463","3"
"bin8_309_464","3"
"bin8_309_465","3"
"bin8_309_466","3"
"bin8_309_467","3"
"bin8_309_468","3"
"bin8_309_469","3"
"bin8_309_470","3"
"bin8_309_471","2"
"bin8_309_472","2"
"bin8_309_473","2"
"bin8_309_474","2"
"bin8_309_475","2"
"bin8_309_476","2"
"bin8_309_477","2"
"bin8_309_478","2"
"bin8_309_479","3"
"bin8_309_480","3"
"bin8_309_481","1"
"bin8_309_482","1"
"bin8_309_483","5"
"bin8_309_484","5"
"bin8_309_485","3"
"bin8_309_486","2"
"bin8_309_487","2"
"bin8_309_488","2"
"bin8_309_489","2"
"bin8_309_490","2"
"bin8_309_491","2"
"bin8_309_492","2"
"bin8_309_493","2"
"bin8_309_494","2"
"bin8_309_495","2"
"bin8_309_496","1"
"bin8_309_497","1"
"bin8_309_498","1"
"bin8_309_499","1"
"bin8_309_500","1"
"bin8_309_501","2"
"bin8_309_502","2"
"bin8_309_503","2"
"bin8_309_504","2"
"bin8_309_505","2"
"bin8_309_506","2"
"bin8_309_507","2"
"bin8_310_443","3"
"bin8_310_444","3"
"bin8_310_445","3"
"bin8_310_446","5"
"bin8_310_447","3"
"bin8_310_448","3"
"bin8_310_449","3"
"bin8_310_450","3"
"bin8_310_451","3"
"bin8_310_452","1"
"bin8_310_453","1"
"bin8_310_454","1"
"bin8_310_455","1"
"bin8_310_456","1"
"bin8_310_457","4"
"bin8_310_458","4"
"bin8_310_459","4"
"bin8_310_460","4"
"bin8_310_461","1"
"bin8_310_462","1"
"bin8_310_463","3"
"bin8_310_464","3"
"bin8_310_465","3"
"bin8_310_466","3"
"bin8_310_467","3"
"bin8_310_468","3"
"bin8_310_469","3"
"bin8_310_470","3"
"bin8_310_471","2"
"bin8_310_472","2"
"bin8_310_473","2"
"bin8_310_474","2"
"bin8_310_475","2"
"bin8_310_476","2"
"bin8_310_477","2"
"bin8_310_478","2"
"bin8_310_479","3"
"bin8_310_480","3"
"bin8_310_481","3"
"bin8_310_482","3"
"bin8_310_483","3"
"bin8_310_484","3"
"bin8_310_485","5"
"bin8_310_486","2"
"bin8_310_487","2"
"bin8_310_488","2"
"bin8_310_489","2"
"bin8_310_490","2"
"bin8_310_491","2"
"bin8_310_492","2"
"bin8_310_493","2"
"bin8_310_494","2"
"bin8_310_495","2"
"bin8_310_496","2"
"bin8_310_497","1"
"bin8_310_498","1"
"bin8_310_499","1"
"bin8_310_500","1"
"bin8_310_501","2"
"bin8_310_502","2"
"bin8_310_503","2"
"bin8_310_504","2"
"bin8_310_505","2"
"bin8_310_506","2"
"bin8_310_507","2"
"bin8_311_443","3"
"bin8_311_444","3"
"bin8_311_445","5"
"bin8_311_446","5"
"bin8_311_447","5"
"bin8_311_448","3"
"bin8_311_449","3"
"bin8_311_450","3"
"bin8_311_451","3"
"bin8_311_452","3"
"bin8_311_453","1"
"bin8_311_454","1"
"bin8_311_455","1"
"bin8_311_456","1"
"bin8_311_457","1"
"bin8_311_458","4"
"bin8_311_459","4"
"bin8_311_460","4"
"bin8_311_461","4"
"bin8_311_462","1"
"bin8_311_463","3"
"bin8_311_464","3"
"bin8_311_465","3"
"bin8_311_466","3"
"bin8_311_467","3"
"bin8_311_468","3"
"bin8_311_469","3"
"bin8_311_470","3"
"bin8_311_471","2"
"bin8_311_472","2"
"bin8_311_473","2"
"bin8_311_474","2"
"bin8_311_475","2"
"bin8_311_476","2"
"bin8_311_477","2"
"bin8_311_478","2"
"bin8_311_479","3"
"bin8_311_480","3"
"bin8_311_481","3"
"bin8_311_482","3"
"bin8_311_483","3"
"bin8_311_484","3"
"bin8_311_485","3"
"bin8_311_486","2"
"bin8_311_487","2"
"bin8_311_488","2"
"bin8_311_489","2"
"bin8_311_490","2"
"bin8_311_491","2"
"bin8_311_492","2"
"bin8_311_493","2"
"bin8_311_494","2"
"bin8_311_495","2"
"bin8_311_496","2"
"bin8_311_497","1"
"bin8_311_498","1"
"bin8_311_499","1"
"bin8_311_500","5"
"bin8_311_501","2"
"bin8_311_502","2"
"bin8_311_503","2"
"bin8_311_504","2"
"bin8_311_505","2"
"bin8_311_506","2"
"bin8_311_507","2"
"bin8_312_443","3"
"bin8_312_444","3"
"bin8_312_445","3"
"bin8_312_446","3"
"bin8_312_447","3"
"bin8_312_448","3"
"bin8_312_449","5"
"bin8_312_450","3"
"bin8_312_451","3"
"bin8_312_452","3"
"bin8_312_453","3"
"bin8_312_454","1"
"bin8_312_455","1"
"bin8_312_456","1"
"bin8_312_457","1"
"bin8_312_458","4"
"bin8_312_459","4"
"bin8_312_460","4"
"bin8_312_461","4"
"bin8_312_462","4"
"bin8_312_463","1"
"bin8_312_464","3"
"bin8_312_465","3"
"bin8_312_466","3"
"bin8_312_467","3"
"bin8_312_468","3"
"bin8_312_469","3"
"bin8_312_470","3"
"bin8_312_471","2"
"bin8_312_472","2"
"bin8_312_473","2"
"bin8_312_474","2"
"bin8_312_475","2"
"bin8_312_476","2"
"bin8_312_477","2"
"bin8_312_478","2"
"bin8_312_479","2"
"bin8_312_480","3"
"bin8_312_481","3"
"bin8_312_482","3"
"bin8_312_483","3"
"bin8_312_484","3"
"bin8_312_485","3"
"bin8_312_486","3"
"bin8_312_487","2"
"bin8_312_488","2"
"bin8_312_489","2"
"bin8_312_490","2"
"bin8_312_491","2"
"bin8_312_492","2"
"bin8_312_493","2"
"bin8_312_494","2"
"bin8_312_495","2"
"bin8_312_496","2"
"bin8_312_497","5"
"bin8_312_498","5"
"bin8_312_499","5"
"bin8_312_500","5"
"bin8_312_501","2"
"bin8_312_502","2"
"bin8_312_503","2"
"bin8_312_504","2"
"bin8_312_505","3"
"bin8_312_506","2"
"bin8_312_507","2"
"bin8_313_442","3"
"bin8_313_443","3"
"bin8_313_444","3"
"bin8_313_445","3"
"bin8_313_446","1"
"bin8_313_447","3"
"bin8_313_448","3"
"bin8_313_449","5"
"bin8_313_450","3"
"bin8_313_451","3"
"bin8_313_452","3"
"bin8_313_453","3"
"bin8_313_454","3"
"bin8_313_455","1"
"bin8_313_456","1"
"bin8_313_457","1"
"bin8_313_458","1"
"bin8_313_459","4"
"bin8_313_460","4"
"bin8_313_461","4"
"bin8_313_462","4"
"bin8_313_463","4"
"bin8_313_464","3"
"bin8_313_465","3"
"bin8_313_466","3"
"bin8_313_467","3"
"bin8_313_468","3"
"bin8_313_469","3"
"bin8_313_470","3"
"bin8_313_471","3"
"bin8_313_472","2"
"bin8_313_473","2"
"bin8_313_474","2"
"bin8_313_475","2"
"bin8_313_476","2"
"bin8_313_477","2"
"bin8_313_478","2"
"bin8_313_479","2"
"bin8_313_480","3"
"bin8_313_481","2"
"bin8_313_482","2"
"bin8_313_483","2"
"bin8_313_484","3"
"bin8_313_485","3"
"bin8_313_486","5"
"bin8_313_487","5"
"bin8_313_488","2"
"bin8_313_489","2"
"bin8_313_490","2"
"bin8_313_491","2"
"bin8_313_492","2"
"bin8_313_493","2"
"bin8_313_494","2"
"bin8_313_495","2"
"bin8_313_496","2"
"bin8_313_497","5"
"bin8_313_498","5"
"bin8_313_499","5"
"bin8_313_500","5"
"bin8_313_501","2"
"bin8_313_502","2"
"bin8_313_503","2"
"bin8_313_504","2"
"bin8_313_505","2"
"bin8_313_506","2"
"bin8_313_507","2"
"bin8_313_508","2"
"bin8_314_442","3"
"bin8_314_443","3"
"bin8_314_444","3"
"bin8_314_445","3"
"bin8_314_446","4"
"bin8_314_447","3"
"bin8_314_448","3"
"bin8_314_449","3"
"bin8_314_450","5"
"bin8_314_451","3"
"bin8_314_452","3"
"bin8_314_453","3"
"bin8_314_454","3"
"bin8_314_455","3"
"bin8_314_456","1"
"bin8_314_457","1"
"bin8_314_458","4"
"bin8_314_459","4"
"bin8_314_460","4"
"bin8_314_461","4"
"bin8_314_462","4"
"bin8_314_463","4"
"bin8_314_464","3"
"bin8_314_465","3"
"bin8_314_466","3"
"bin8_314_467","3"
"bin8_314_468","3"
"bin8_314_469","5"
"bin8_314_470","5"
"bin8_314_471","3"
"bin8_314_472","2"
"bin8_314_473","2"
"bin8_314_474","2"
"bin8_314_475","2"
"bin8_314_476","2"
"bin8_314_477","2"
"bin8_314_478","2"
"bin8_314_479","2"
"bin8_314_480","2"
"bin8_314_481","2"
"bin8_314_482","2"
"bin8_314_483","2"
"bin8_314_484","2"
"bin8_314_485","2"
"bin8_314_486","5"
"bin8_314_487","1"
"bin8_314_488","1"
"bin8_314_489","1"
"bin8_314_490","2"
"bin8_314_491","2"
"bin8_314_492","2"
"bin8_314_493","2"
"bin8_314_494","2"
"bin8_314_495","2"
"bin8_314_496","2"
"bin8_314_497","5"
"bin8_314_498","5"
"bin8_314_499","5"
"bin8_314_500","5"
"bin8_314_501","2"
"bin8_314_502","2"
"bin8_314_503","2"
"bin8_314_504","2"
"bin8_314_505","2"
"bin8_314_506","2"
"bin8_314_507","2"
"bin8_314_508","2"
"bin8_315_442","3"
"bin8_315_443","3"
"bin8_315_445","3"
"bin8_315_446","5"
"bin8_315_448","3"
"bin8_315_449","3"
"bin8_315_450","4"
"bin8_315_451","5"
"bin8_315_452","5"
"bin8_315_453","3"
"bin8_315_454","3"
"bin8_315_455","3"
"bin8_315_456","3"
"bin8_315_457","5"
"bin8_315_458","4"
"bin8_315_459","4"
"bin8_315_460","4"
"bin8_315_461","4"
"bin8_315_462","4"
"bin8_315_463","4"
"bin8_315_464","3"
"bin8_315_465","3"
"bin8_315_466","3"
"bin8_315_467","3"
"bin8_315_468","3"
"bin8_315_469","5"
"bin8_315_470","5"
"bin8_315_471","5"
"bin8_315_472","5"
"bin8_315_473","2"
"bin8_315_474","2"
"bin8_315_475","2"
"bin8_315_476","2"
"bin8_315_477","2"
"bin8_315_478","2"
"bin8_315_479","2"
"bin8_315_480","2"
"bin8_315_481","2"
"bin8_315_482","2"
"bin8_315_483","2"
"bin8_315_484","2"
"bin8_315_485","2"
"bin8_315_486","2"
"bin8_315_487","1"
"bin8_315_488","1"
"bin8_315_489","1"
"bin8_315_490","5"
"bin8_315_491","2"
"bin8_315_492","2"
"bin8_315_493","2"
"bin8_315_494","2"
"bin8_315_495","2"
"bin8_315_496","2"
"bin8_315_497","2"
"bin8_315_498","2"
"bin8_315_499","5"
"bin8_315_500","5"
"bin8_315_501","1"
"bin8_315_502","2"
"bin8_315_503","2"
"bin8_315_504","2"
"bin8_315_505","2"
"bin8_315_506","2"
"bin8_315_507","2"
"bin8_315_508","2"
"bin8_316_442","5"
"bin8_316_443","3"
"bin8_316_444","3"
"bin8_316_445","3"
"bin8_316_446","3"
"bin8_316_447","5"
"bin8_316_448","3"
"bin8_316_449","3"
"bin8_316_450","5"
"bin8_316_451","5"
"bin8_316_452","5"
"bin8_316_453","3"
"bin8_316_454","3"
"bin8_316_455","3"
"bin8_316_456","3"
"bin8_316_457","3"
"bin8_316_458","4"
"bin8_316_459","4"
"bin8_316_460","4"
"bin8_316_461","4"
"bin8_316_462","4"
"bin8_316_463","4"
"bin8_316_464","4"
"bin8_316_465","3"
"bin8_316_466","3"
"bin8_316_467","5"
"bin8_316_468","5"
"bin8_316_469","5"
"bin8_316_470","5"
"bin8_316_471","1"
"bin8_316_472","1"
"bin8_316_473","1"
"bin8_316_474","2"
"bin8_316_475","2"
"bin8_316_476","2"
"bin8_316_477","2"
"bin8_316_478","2"
"bin8_316_479","2"
"bin8_316_480","2"
"bin8_316_481","2"
"bin8_316_482","2"
"bin8_316_483","2"
"bin8_316_484","2"
"bin8_316_485","2"
"bin8_316_486","2"
"bin8_316_487","2"
"bin8_316_488","1"
"bin8_316_489","1"
"bin8_316_490","3"
"bin8_316_491","2"
"bin8_316_492","2"
"bin8_316_493","2"
"bin8_316_494","2"
"bin8_316_495","2"
"bin8_316_496","2"
"bin8_316_497","2"
"bin8_316_498","2"
"bin8_316_499","2"
"bin8_316_500","2"
"bin8_316_501","1"
"bin8_316_502","1"
"bin8_316_503","5"
"bin8_316_504","2"
"bin8_316_505","2"
"bin8_316_506","2"
"bin8_316_507","2"
"bin8_316_508","2"
"bin8_317_442","3"
"bin8_317_443","3"
"bin8_317_444","3"
"bin8_317_445","5"
"bin8_317_446","3"
"bin8_317_447","3"
"bin8_317_448","5"
"bin8_317_449","3"
"bin8_317_450","5"
"bin8_317_451","3"
"bin8_317_452","3"
"bin8_317_453","3"
"bin8_317_454","3"
"bin8_317_455","3"
"bin8_317_456","3"
"bin8_317_457","1"
"bin8_317_458","1"
"bin8_317_459","4"
"bin8_317_460","4"
"bin8_317_461","4"
"bin8_317_462","4"
"bin8_317_463","4"
"bin8_317_464","4"
"bin8_317_465","3"
"bin8_317_466","3"
"bin8_317_467","3"
"bin8_317_468","3"
"bin8_317_469","5"
"bin8_317_470","1"
"bin8_317_471","1"
"bin8_317_472","1"
"bin8_317_473","1"
"bin8_317_474","1"
"bin8_317_475","5"
"bin8_317_476","2"
"bin8_317_477","2"
"bin8_317_478","2"
"bin8_317_479","2"
"bin8_317_480","2"
"bin8_317_481","2"
"bin8_317_482","2"
"bin8_317_483","2"
"bin8_317_484","2"
"bin8_317_485","2"
"bin8_317_486","2"
"bin8_317_487","2"
"bin8_317_488","2"
"bin8_317_489","2"
"bin8_317_490","3"
"bin8_317_491","3"
"bin8_317_492","2"
"bin8_317_493","2"
"bin8_317_494","2"
"bin8_317_495","2"
"bin8_317_496","2"
"bin8_317_497","2"
"bin8_317_498","2"
"bin8_317_499","2"
"bin8_317_500","2"
"bin8_317_501","2"
"bin8_317_502","5"
"bin8_317_503","5"
"bin8_317_504","5"
"bin8_317_505","5"
"bin8_317_506","3"
"bin8_317_507","3"
"bin8_317_508","3"
"bin8_318_442","3"
"bin8_318_443","5"
"bin8_318_444","3"
"bin8_318_445","3"
"bin8_318_446","3"
"bin8_318_447","5"
"bin8_318_448","3"
"bin8_318_449","5"
"bin8_318_450","5"
"bin8_318_451","3"
"bin8_318_452","3"
"bin8_318_453","5"
"bin8_318_454","5"
"bin8_318_455","3"
"bin8_318_456","3"
"bin8_318_457","1"
"bin8_318_458","1"
"bin8_318_459","4"
"bin8_318_460","4"
"bin8_318_461","4"
"bin8_318_462","4"
"bin8_318_463","4"
"bin8_318_464","4"
"bin8_318_465","4"
"bin8_318_466","3"
"bin8_318_467","3"
"bin8_318_468","3"
"bin8_318_469","1"
"bin8_318_470","1"
"bin8_318_471","1"
"bin8_318_472","1"
"bin8_318_473","1"
"bin8_318_474","1"
"bin8_318_475","2"
"bin8_318_476","2"
"bin8_318_477","2"
"bin8_318_478","2"
"bin8_318_479","2"
"bin8_318_480","2"
"bin8_318_481","2"
"bin8_318_482","2"
"bin8_318_483","2"
"bin8_318_484","2"
"bin8_318_485","2"
"bin8_318_486","2"
"bin8_318_487","2"
"bin8_318_488","2"
"bin8_318_489","2"
"bin8_318_490","3"
"bin8_318_491","3"
"bin8_318_492","2"
"bin8_318_493","2"
"bin8_318_494","2"
"bin8_318_495","2"
"bin8_318_496","2"
"bin8_318_497","2"
"bin8_318_498","2"
"bin8_318_499","2"
"bin8_318_500","2"
"bin8_318_501","2"
"bin8_318_502","5"
"bin8_318_503","5"
"bin8_318_504","5"
"bin8_318_505","5"
"bin8_318_506","5"
"bin8_318_507","5"
"bin8_318_508","5"
"bin8_319_442","3"
"bin8_319_443","3"
"bin8_319_444","3"
"bin8_319_445","3"
"bin8_319_446","3"
"bin8_319_447","3"
"bin8_319_448","3"
"bin8_319_449","3"
"bin8_319_450","5"
"bin8_319_451","3"
"bin8_319_452","3"
"bin8_319_453","3"
"bin8_319_454","3"
"bin8_319_455","3"
"bin8_319_456","3"
"bin8_319_457","5"
"bin8_319_458","4"
"bin8_319_459","4"
"bin8_319_460","4"
"bin8_319_461","4"
"bin8_319_462","4"
"bin8_319_463","4"
"bin8_319_464","4"
"bin8_319_465","3"
"bin8_319_466","3"
"bin8_319_467","3"
"bin8_319_468","3"
"bin8_319_469","3"
"bin8_319_470","3"
"bin8_319_471","1"
"bin8_319_472","1"
"bin8_319_473","1"
"bin8_319_474","1"
"bin8_319_475","2"
"bin8_319_476","2"
"bin8_319_477","2"
"bin8_319_478","2"
"bin8_319_479","2"
"bin8_319_480","2"
"bin8_319_481","2"
"bin8_319_482","2"
"bin8_319_483","2"
"bin8_319_484","2"
"bin8_319_485","2"
"bin8_319_486","2"
"bin8_319_487","2"
"bin8_319_488","2"
"bin8_319_489","2"
"bin8_319_490","3"
"bin8_319_491","3"
"bin8_319_492","2"
"bin8_319_493","2"
"bin8_319_494","2"
"bin8_319_495","2"
"bin8_319_496","2"
"bin8_319_497","2"
"bin8_319_498","2"
"bin8_319_499","2"
"bin8_319_500","2"
"bin8_319_501","2"
"bin8_319_502","5"
"bin8_319_503","5"
"bin8_319_504","5"
"bin8_319_505","5"
"bin8_319_506","5"
"bin8_319_507","5"
"bin8_319_508","5"
"bin8_320_442","3"
"bin8_320_443","5"
"bin8_320_444","3"
"bin8_320_445","3"
"bin8_320_446","3"
"bin8_320_447","3"
"bin8_320_448","5"
"bin8_320_449","5"
"bin8_320_450","5"
"bin8_320_451","3"
"bin8_320_452","5"
"bin8_320_453","3"
"bin8_320_454","3"
"bin8_320_455","3"
"bin8_320_456","3"
"bin8_320_457","5"
"bin8_320_458","4"
"bin8_320_459","4"
"bin8_320_460","1"
"bin8_320_461","4"
"bin8_320_462","4"
"bin8_320_463","4"
"bin8_320_464","4"
"bin8_320_465","4"
"bin8_320_466","3"
"bin8_320_467","3"
"bin8_320_468","3"
"bin8_320_469","3"
"bin8_320_470","3"
"bin8_320_471","5"
"bin8_320_472","5"
"bin8_320_473","5"
"bin8_320_474","5"
"bin8_320_475","2"
"bin8_320_476","2"
"bin8_320_477","2"
"bin8_320_478","2"
"bin8_320_479","2"
"bin8_320_480","2"
"bin8_320_481","2"
"bin8_320_482","2"
"bin8_320_483","2"
"bin8_320_484","2"
"bin8_320_485","2"
"bin8_320_486","2"
"bin8_320_487","2"
"bin8_320_488","2"
"bin8_320_489","2"
"bin8_320_490","3"
"bin8_320_491","3"
"bin8_320_492","2"
"bin8_320_493","2"
"bin8_320_494","2"
"bin8_320_495","2"
"bin8_320_496","2"
"bin8_320_497","2"
"bin8_320_498","2"
"bin8_320_499","2"
"bin8_320_500","2"
"bin8_320_501","2"
"bin8_320_502","5"
"bin8_320_503","5"
"bin8_320_504","3"
"bin8_320_505","5"
"bin8_320_506","5"
"bin8_320_507","5"
"bin8_320_508","5"
"bin8_321_442","3"
"bin8_321_443","5"
"bin8_321_444","5"
"bin8_321_445","3"
"bin8_321_446","5"
"bin8_321_447","3"
"bin8_321_449","3"
"bin8_321_450","3"
"bin8_321_451","4"
"bin8_321_452","5"
"bin8_321_453","3"
"bin8_321_454","5"
"bin8_321_455","5"
"bin8_321_456","5"
"bin8_321_457","5"
"bin8_321_458","4"
"bin8_321_459","4"
"bin8_321_460","1"
"bin8_321_461","1"
"bin8_321_462","4"
"bin8_321_463","4"
"bin8_321_464","4"
"bin8_321_465","4"
"bin8_321_466","3"
"bin8_321_467","3"
"bin8_321_468","3"
"bin8_321_469","3"
"bin8_321_470","3"
"bin8_321_471","5"
"bin8_321_472","5"
"bin8_321_473","5"
"bin8_321_474","5"
"bin8_321_475","2"
"bin8_321_476","2"
"bin8_321_477","2"
"bin8_321_478","2"
"bin8_321_479","2"
"bin8_321_480","2"
"bin8_321_481","2"
"bin8_321_482","2"
"bin8_321_483","2"
"bin8_321_484","2"
"bin8_321_485","2"
"bin8_321_486","2"
"bin8_321_487","2"
"bin8_321_488","2"
"bin8_321_489","2"
"bin8_321_490","2"
"bin8_321_491","3"
"bin8_321_492","2"
"bin8_321_493","2"
"bin8_321_494","2"
"bin8_321_495","2"
"bin8_321_496","2"
"bin8_321_497","2"
"bin8_321_498","2"
"bin8_321_499","2"
"bin8_321_500","2"
"bin8_321_501","2"
"bin8_321_502","3"
"bin8_321_503","3"
"bin8_321_504","3"
"bin8_321_505","5"
"bin8_321_506","5"
"bin8_321_507","5"
"bin8_321_508","5"
"bin8_322_443","3"
"bin8_322_444","5"
"bin8_322_445","3"
"bin8_322_446","3"
"bin8_322_447","3"
"bin8_322_448","3"
"bin8_322_449","3"
"bin8_322_450","5"
"bin8_322_451","5"
"bin8_322_452","3"
"bin8_322_453","3"
"bin8_322_454","1"
"bin8_322_455","5"
"bin8_322_456","5"
"bin8_322_457","1"
"bin8_322_458","4"
"bin8_322_459","4"
"bin8_322_460","4"
"bin8_322_461","4"
"bin8_322_462","4"
"bin8_322_463","4"
"bin8_322_464","4"
"bin8_322_465","4"
"bin8_322_466","3"
"bin8_322_467","3"
"bin8_322_468","3"
"bin8_322_469","3"
"bin8_322_470","3"
"bin8_322_471","5"
"bin8_322_472","5"
"bin8_322_473","5"
"bin8_322_474","5"
"bin8_322_475","2"
"bin8_322_476","2"
"bin8_322_477","2"
"bin8_322_478","2"
"bin8_322_479","2"
"bin8_322_480","2"
"bin8_322_481","2"
"bin8_322_482","2"
"bin8_322_483","2"
"bin8_322_484","2"
"bin8_322_485","2"
"bin8_322_486","2"
"bin8_322_487","2"
"bin8_322_488","2"
"bin8_322_489","2"
"bin8_322_490","2"
"bin8_322_491","5"
"bin8_322_492","5"
"bin8_322_493","2"
"bin8_322_494","2"
"bin8_322_495","2"
"bin8_322_496","2"
"bin8_322_497","2"
"bin8_322_498","2"
"bin8_322_499","2"
"bin8_322_500","2"
"bin8_322_501","2"
"bin8_322_502","2"
"bin8_322_503","2"
"bin8_322_504","2"
"bin8_322_505","2"
"bin8_322_506","2"
"bin8_322_507","2"
"bin8_323_443","3"
"bin8_323_444","3"
"bin8_323_445","3"
"bin8_323_446","1"
"bin8_323_447","3"
"bin8_323_448","3"
"bin8_323_449","3"
"bin8_323_450","3"
"bin8_323_451","3"
"bin8_323_452","3"
"bin8_323_453","3"
"bin8_323_454","1"
"bin8_323_455","1"
"bin8_323_456","5"
"bin8_323_457","1"
"bin8_323_458","1"
"bin8_323_459","4"
"bin8_323_460","4"
"bin8_323_461","4"
"bin8_323_462","4"
"bin8_323_463","4"
"bin8_323_464","4"
"bin8_323_465","4"
"bin8_323_466","5"
"bin8_323_467","5"
"bin8_323_468","3"
"bin8_323_469","3"
"bin8_323_470","5"
"bin8_323_471","5"
"bin8_323_472","5"
"bin8_323_473","5"
"bin8_323_474","1"
"bin8_323_475","1"
"bin8_323_476","2"
"bin8_323_477","2"
"bin8_323_478","2"
"bin8_323_479","2"
"bin8_323_480","2"
"bin8_323_481","2"
"bin8_323_482","2"
"bin8_323_483","2"
"bin8_323_484","2"
"bin8_323_485","2"
"bin8_323_486","2"
"bin8_323_487","2"
"bin8_323_488","2"
"bin8_323_489","2"
"bin8_323_490","5"
"bin8_323_491","5"
"bin8_323_492","5"
"bin8_323_493","5"
"bin8_323_494","5"
"bin8_323_495","2"
"bin8_323_496","5"
"bin8_323_497","2"
"bin8_323_498","2"
"bin8_323_499","2"
"bin8_323_500","2"
"bin8_323_501","2"
"bin8_323_502","2"
"bin8_323_503","2"
"bin8_323_504","2"
"bin8_323_505","2"
"bin8_323_506","2"
"bin8_323_507","2"
"bin8_324_443","5"
"bin8_324_444","3"
"bin8_324_445","3"
"bin8_324_446","5"
"bin8_324_447","3"
"bin8_324_448","3"
"bin8_324_449","3"
"bin8_324_450","3"
"bin8_324_451","3"
"bin8_324_452","3"
"bin8_324_453","3"
"bin8_324_454","5"
"bin8_324_455","5"
"bin8_324_456","1"
"bin8_324_457","1"
"bin8_324_458","1"
"bin8_324_459","4"
"bin8_324_460","4"
"bin8_324_461","4"
"bin8_324_462","4"
"bin8_324_463","4"
"bin8_324_464","4"
"bin8_324_465","1"
"bin8_324_466","1"
"bin8_324_467","5"
"bin8_324_468","5"
"bin8_324_469","5"
"bin8_324_470","3"
"bin8_324_471","3"
"bin8_324_472","5"
"bin8_324_473","5"
"bin8_324_474","1"
"bin8_324_475","1"
"bin8_324_476","5"
"bin8_324_477","2"
"bin8_324_478","2"
"bin8_324_479","2"
"bin8_324_480","2"
"bin8_324_481","2"
"bin8_324_482","2"
"bin8_324_483","2"
"bin8_324_484","2"
"bin8_324_485","2"
"bin8_324_486","2"
"bin8_324_487","2"
"bin8_324_488","2"
"bin8_324_489","2"
"bin8_324_490","5"
"bin8_324_491","5"
"bin8_324_492","5"
"bin8_324_493","5"
"bin8_324_494","1"
"bin8_324_495","1"
"bin8_324_496","5"
"bin8_324_497","2"
"bin8_324_498","2"
"bin8_324_499","2"
"bin8_324_500","2"
"bin8_324_501","2"
"bin8_324_502","2"
"bin8_324_503","2"
"bin8_324_504","2"
"bin8_324_505","2"
"bin8_324_506","2"
"bin8_324_507","2"
"bin8_325_443","3"
"bin8_325_444","3"
"bin8_325_445","5"
"bin8_325_446","3"
"bin8_325_447","3"
"bin8_325_448","3"
"bin8_325_449","3"
"bin8_325_450","3"
"bin8_325_451","5"
"bin8_325_452","5"
"bin8_325_453","5"
"bin8_325_454","5"
"bin8_325_455","5"
"bin8_325_456","1"
"bin8_325_457","1"
"bin8_325_458","1"
"bin8_325_459","4"
"bin8_325_460","4"
"bin8_325_461","4"
"bin8_325_462","4"
"bin8_325_463","4"
"bin8_325_464","4"
"bin8_325_465","1"
"bin8_325_466","1"
"bin8_325_467","5"
"bin8_325_468","1"
"bin8_325_469","5"
"bin8_325_470","3"
"bin8_325_471","3"
"bin8_325_472","5"
"bin8_325_473","5"
"bin8_325_474","1"
"bin8_325_475","1"
"bin8_325_476","1"
"bin8_325_477","1"
"bin8_325_478","2"
"bin8_325_479","2"
"bin8_325_480","2"
"bin8_325_481","2"
"bin8_325_482","2"
"bin8_325_483","2"
"bin8_325_484","2"
"bin8_325_485","2"
"bin8_325_486","2"
"bin8_325_487","2"
"bin8_325_488","2"
"bin8_325_489","2"
"bin8_325_490","5"
"bin8_325_491","5"
"bin8_325_492","5"
"bin8_325_493","5"
"bin8_325_494","1"
"bin8_325_495","1"
"bin8_325_496","5"
"bin8_325_497","2"
"bin8_325_498","2"
"bin8_325_499","2"
"bin8_325_500","2"
"bin8_325_501","2"
"bin8_325_502","2"
"bin8_325_503","2"
"bin8_325_504","2"
"bin8_325_505","2"
"bin8_325_506","2"
"bin8_325_507","2"
"bin8_326_443","3"
"bin8_326_444","3"
"bin8_326_445","5"
"bin8_326_446","3"
"bin8_326_447","5"
"bin8_326_448","3"
"bin8_326_449","3"
"bin8_326_450","5"
"bin8_326_451","5"
"bin8_326_452","5"
"bin8_326_453","5"
"bin8_326_454","5"
"bin8_326_455","5"
"bin8_326_456","5"
"bin8_326_457","1"
"bin8_326_458","1"
"bin8_326_459","4"
"bin8_326_460","4"
"bin8_326_461","4"
"bin8_326_462","4"
"bin8_326_463","4"
"bin8_326_464","4"
"bin8_326_465","4"
"bin8_326_466","1"
"bin8_326_467","1"
"bin8_326_468","1"
"bin8_326_469","5"
"bin8_326_470","5"
"bin8_326_471","5"
"bin8_326_472","5"
"bin8_326_473","1"
"bin8_326_474","1"
"bin8_326_475","1"
"bin8_326_476","1"
"bin8_326_477","1"
"bin8_326_478","1"
"bin8_326_479","1"
"bin8_326_480","2"
"bin8_326_481","2"
"bin8_326_482","2"
"bin8_326_483","2"
"bin8_326_484","2"
"bin8_326_485","2"
"bin8_326_486","2"
"bin8_326_487","5"
"bin8_326_488","5"
"bin8_326_489","5"
"bin8_326_490","5"
"bin8_326_491","5"
"bin8_326_492","5"
"bin8_326_493","5"
"bin8_326_494","5"
"bin8_326_495","5"
"bin8_326_496","2"
"bin8_326_497","2"
"bin8_326_498","2"
"bin8_326_499","2"
"bin8_326_500","2"
"bin8_326_501","2"
"bin8_326_502","2"
"bin8_326_503","2"
"bin8_326_504","2"
"bin8_326_505","2"
"bin8_326_506","2"
"bin8_326_507","2"
"bin8_327_444","3"
"bin8_327_445","5"
"bin8_327_446","3"
"bin8_327_447","5"
"bin8_327_448","5"
"bin8_327_449","3"
"bin8_327_450","3"
"bin8_327_451","5"
"bin8_327_452","5"
"bin8_327_453","5"
"bin8_327_454","5"
"bin8_327_455","3"
"bin8_327_456","5"
"bin8_327_457","5"
"bin8_327_458","3"
"bin8_327_459","4"
"bin8_327_460","4"
"bin8_327_461","4"
"bin8_327_462","4"
"bin8_327_463","4"
"bin8_327_464","4"
"bin8_327_465","4"
"bin8_327_466","5"
"bin8_327_467","1"
"bin8_327_468","1"
"bin8_327_469","5"
"bin8_327_470","5"
"bin8_327_471","2"
"bin8_327_472","2"
"bin8_327_473","1"
"bin8_327_474","1"
"bin8_327_475","1"
"bin8_327_476","1"
"bin8_327_477","1"
"bin8_327_478","1"
"bin8_327_479","1"
"bin8_327_480","1"
"bin8_327_481","1"
"bin8_327_482","5"
"bin8_327_483","1"
"bin8_327_484","1"
"bin8_327_485","1"
"bin8_327_486","5"
"bin8_327_487","5"
"bin8_327_488","1"
"bin8_327_489","1"
"bin8_327_490","1"
"bin8_327_491","1"
"bin8_327_492","5"
"bin8_327_493","5"
"bin8_327_494","5"
"bin8_327_495","1"
"bin8_327_496","1"
"bin8_327_497","2"
"bin8_327_498","2"
"bin8_327_499","2"
"bin8_327_500","2"
"bin8_327_501","2"
"bin8_327_502","2"
"bin8_327_503","2"
"bin8_327_504","2"
"bin8_327_505","2"
"bin8_327_506","2"
"bin8_328_444","3"
"bin8_328_445","5"
"bin8_328_446","5"
"bin8_328_447","5"
"bin8_328_448","3"
"bin8_328_449","3"
"bin8_328_450","3"
"bin8_328_451","4"
"bin8_328_452","5"
"bin8_328_453","5"
"bin8_328_454","5"
"bin8_328_455","3"
"bin8_328_456","5"
"bin8_328_457","5"
"bin8_328_458","5"
"bin8_328_459","5"
"bin8_328_460","4"
"bin8_328_461","4"
"bin8_328_462","4"
"bin8_328_463","4"
"bin8_328_464","4"
"bin8_328_465","4"
"bin8_328_466","1"
"bin8_328_467","1"
"bin8_328_468","1"
"bin8_328_469","5"
"bin8_328_470","5"
"bin8_328_471","2"
"bin8_328_472","2"
"bin8_328_473","2"
"bin8_328_474","3"
"bin8_328_475","1"
"bin8_328_476","1"
"bin8_328_477","5"
"bin8_328_478","5"
"bin8_328_479","5"
"bin8_328_480","5"
"bin8_328_481","2"
"bin8_328_482","2"
"bin8_328_483","2"
"bin8_328_484","1"
"bin8_328_485","1"
"bin8_328_486","5"
"bin8_328_487","5"
"bin8_328_488","1"
"bin8_328_489","1"
"bin8_328_490","1"
"bin8_328_491","1"
"bin8_328_492","5"
"bin8_328_493","5"
"bin8_328_494","1"
"bin8_328_495","1"
"bin8_328_496","1"
"bin8_328_497","2"
"bin8_328_498","2"
"bin8_328_499","2"
"bin8_328_500","2"
"bin8_328_501","2"
"bin8_328_502","2"
"bin8_328_503","2"
"bin8_328_504","2"
"bin8_328_505","2"
"bin8_328_506","2"
"bin8_329_444","3"
"bin8_329_445","5"
"bin8_329_446","3"
"bin8_329_447","3"
"bin8_329_448","3"
"bin8_329_449","5"
"bin8_329_450","5"
"bin8_329_451","1"
"bin8_329_452","1"
"bin8_329_453","1"
"bin8_329_454","3"
"bin8_329_455","3"
"bin8_329_456","5"
"bin8_329_457","3"
"bin8_329_458","1"
"bin8_329_459","1"
"bin8_329_460","4"
"bin8_329_461","4"
"bin8_329_462","4"
"bin8_329_463","4"
"bin8_329_464","4"
"bin8_329_465","4"
"bin8_329_466","1"
"bin8_329_467","1"
"bin8_329_468","1"
"bin8_329_469","5"
"bin8_329_470","2"
"bin8_329_471","2"
"bin8_329_472","2"
"bin8_329_473","2"
"bin8_329_474","2"
"bin8_329_475","1"
"bin8_329_476","1"
"bin8_329_477","2"
"bin8_329_478","2"
"bin8_329_479","2"
"bin8_329_480","2"
"bin8_329_481","2"
"bin8_329_482","2"
"bin8_329_483","2"
"bin8_329_484","2"
"bin8_329_485","2"
"bin8_329_486","3"
"bin8_329_487","5"
"bin8_329_488","1"
"bin8_329_489","1"
"bin8_329_490","1"
"bin8_329_491","1"
"bin8_329_492","1"
"bin8_329_493","1"
"bin8_329_494","1"
"bin8_329_495","1"
"bin8_329_496","1"
"bin8_329_497","2"
"bin8_329_498","2"
"bin8_329_499","2"
"bin8_329_500","2"
"bin8_329_501","2"
"bin8_329_502","2"
"bin8_329_503","2"
"bin8_329_504","2"
"bin8_329_505","2"
"bin8_329_506","2"
"bin8_330_445","5"
"bin8_330_446","3"
"bin8_330_447","5"
"bin8_330_448","4"
"bin8_330_449","5"
"bin8_330_450","5"
"bin8_330_451","3"
"bin8_330_452","5"
"bin8_330_453","5"
"bin8_330_454","5"
"bin8_330_455","3"
"bin8_330_456","3"
"bin8_330_457","5"
"bin8_330_458","1"
"bin8_330_459","1"
"bin8_330_460","4"
"bin8_330_461","4"
"bin8_330_462","4"
"bin8_330_463","4"
"bin8_330_464","4"
"bin8_330_465","4"
"bin8_330_466","1"
"bin8_330_467","1"
"bin8_330_468","1"
"bin8_330_469","1"
"bin8_330_470","2"
"bin8_330_471","2"
"bin8_330_472","2"
"bin8_330_473","2"
"bin8_330_474","2"
"bin8_330_475","1"
"bin8_330_476","1"
"bin8_330_477","2"
"bin8_330_478","2"
"bin8_330_479","2"
"bin8_330_480","2"
"bin8_330_481","2"
"bin8_330_482","2"
"bin8_330_483","2"
"bin8_330_484","2"
"bin8_330_485","2"
"bin8_330_486","2"
"bin8_330_487","5"
"bin8_330_488","1"
"bin8_330_489","1"
"bin8_330_490","1"
"bin8_330_491","1"
"bin8_330_492","1"
"bin8_330_493","1"
"bin8_330_494","1"
"bin8_330_495","5"
"bin8_330_496","2"
"bin8_330_497","2"
"bin8_330_498","2"
"bin8_330_499","2"
"bin8_330_500","2"
"bin8_330_501","2"
"bin8_330_502","2"
"bin8_330_503","2"
"bin8_330_504","2"
"bin8_330_505","2"
"bin8_331_445","3"
"bin8_331_446","3"
"bin8_331_447","5"
"bin8_331_448","5"
"bin8_331_449","5"
"bin8_331_450","5"
"bin8_331_451","5"
"bin8_331_452","5"
"bin8_331_453","5"
"bin8_331_454","5"
"bin8_331_455","3"
"bin8_331_456","3"
"bin8_331_457","1"
"bin8_331_458","1"
"bin8_331_459","1"
"bin8_331_460","4"
"bin8_331_461","4"
"bin8_331_462","4"
"bin8_331_463","4"
"bin8_331_464","4"
"bin8_331_465","4"
"bin8_331_466","1"
"bin8_331_467","1"
"bin8_331_468","1"
"bin8_331_469","1"
"bin8_331_470","2"
"bin8_331_471","2"
"bin8_331_472","2"
"bin8_331_473","2"
"bin8_331_474","2"
"bin8_331_475","2"
"bin8_331_476","2"
"bin8_331_477","2"
"bin8_331_478","2"
"bin8_331_479","2"
"bin8_331_480","2"
"bin8_331_481","2"
"bin8_331_482","2"
"bin8_331_483","2"
"bin8_331_484","2"
"bin8_331_485","2"
"bin8_331_486","2"
"bin8_331_487","1"
"bin8_331_488","1"
"bin8_331_489","1"
"bin8_331_490","1"
"bin8_331_491","1"
"bin8_331_492","1"
"bin8_331_493","5"
"bin8_331_494","3"
"bin8_331_495","2"
"bin8_331_496","2"
"bin8_331_497","2"
"bin8_331_498","2"
"bin8_331_499","2"
"bin8_331_500","2"
"bin8_331_501","2"
"bin8_331_502","2"
"bin8_331_503","2"
"bin8_331_504","2"
"bin8_331_505","2"
"bin8_332_446","3"
"bin8_332_447","5"
"bin8_332_448","5"
"bin8_332_449","5"
"bin8_332_450","3"
"bin8_332_451","5"
"bin8_332_452","5"
"bin8_332_453","5"
"bin8_332_454","4"
"bin8_332_455","3"
"bin8_332_456","3"
"bin8_332_457","1"
"bin8_332_458","1"
"bin8_332_459","1"
"bin8_332_460","4"
"bin8_332_461","4"
"bin8_332_462","4"
"bin8_332_463","4"
"bin8_332_464","4"
"bin8_332_465","4"
"bin8_332_466","1"
"bin8_332_467","1"
"bin8_332_468","1"
"bin8_332_469","5"
"bin8_332_470","2"
"bin8_332_471","2"
"bin8_332_472","2"
"bin8_332_473","2"
"bin8_332_474","2"
"bin8_332_475","2"
"bin8_332_476","2"
"bin8_332_477","2"
"bin8_332_478","2"
"bin8_332_479","2"
"bin8_332_480","2"
"bin8_332_481","2"
"bin8_332_482","2"
"bin8_332_483","2"
"bin8_332_484","2"
"bin8_332_485","2"
"bin8_332_486","2"
"bin8_332_487","1"
"bin8_332_488","1"
"bin8_332_489","1"
"bin8_332_490","1"
"bin8_332_491","1"
"bin8_332_492","2"
"bin8_332_493","2"
"bin8_332_494","2"
"bin8_332_495","2"
"bin8_332_496","2"
"bin8_332_497","2"
"bin8_332_498","2"
"bin8_332_499","2"
"bin8_332_500","2"
"bin8_332_501","2"
"bin8_332_502","2"
"bin8_332_503","2"
"bin8_332_504","2"
"bin8_333_446","3"
"bin8_333_447","3"
"bin8_333_448","3"
"bin8_333_449","5"
"bin8_333_450","3"
"bin8_333_451","5"
"bin8_333_452","5"
"bin8_333_453","5"
"bin8_333_454","5"
"bin8_333_455","5"
"bin8_333_456","5"
"bin8_333_457","5"
"bin8_333_458","5"
"bin8_333_459","5"
"bin8_333_460","5"
"bin8_333_461","5"
"bin8_333_462","4"
"bin8_333_463","4"
"bin8_333_464","4"
"bin8_333_465","5"
"bin8_333_466","5"
"bin8_333_467","1"
"bin8_333_468","1"
"bin8_333_469","5"
"bin8_333_470","2"
"bin8_333_471","2"
"bin8_333_472","2"
"bin8_333_473","2"
"bin8_333_474","2"
"bin8_333_475","2"
"bin8_333_476","2"
"bin8_333_477","2"
"bin8_333_478","2"
"bin8_333_479","2"
"bin8_333_480","2"
"bin8_333_481","2"
"bin8_333_482","2"
"bin8_333_483","2"
"bin8_333_484","2"
"bin8_333_485","2"
"bin8_333_486","2"
"bin8_333_487","2"
"bin8_333_488","1"
"bin8_333_489","2"
"bin8_333_490","2"
"bin8_333_491","2"
"bin8_333_492","2"
"bin8_333_493","2"
"bin8_333_494","2"
"bin8_333_495","2"
"bin8_333_496","2"
"bin8_333_497","2"
"bin8_333_498","2"
"bin8_333_499","2"
"bin8_333_500","2"
"bin8_333_501","2"
"bin8_333_502","2"
"bin8_333_503","2"
"bin8_333_504","2"
"bin8_334_447","3"
"bin8_334_448","3"
"bin8_334_449","5"
"bin8_334_450","3"
"bin8_334_451","5"
"bin8_334_452","5"
"bin8_334_453","5"
"bin8_334_454","1"
"bin8_334_455","1"
"bin8_334_456","1"
"bin8_334_457","1"
"bin8_334_458","5"
"bin8_334_459","5"
"bin8_334_460","5"
"bin8_334_461","5"
"bin8_334_462","4"
"bin8_334_463","4"
"bin8_334_464","4"
"bin8_334_465","1"
"bin8_334_466","5"
"bin8_334_467","1"
"bin8_334_468","5"
"bin8_334_469","5"
"bin8_334_470","2"
"bin8_334_471","2"
"bin8_334_472","2"
"bin8_334_473","2"
"bin8_334_474","2"
"bin8_334_475","2"
"bin8_334_476","2"
"bin8_334_477","2"
"bin8_334_478","2"
"bin8_334_479","2"
"bin8_334_480","2"
"bin8_334_481","2"
"bin8_334_482","2"
"bin8_334_483","2"
"bin8_334_484","2"
"bin8_334_485","2"
"bin8_334_486","2"
"bin8_334_487","5"
"bin8_334_488","2"
"bin8_334_489","2"
"bin8_334_490","2"
"bin8_334_491","2"
"bin8_334_492","2"
"bin8_334_493","2"
"bin8_334_494","2"
"bin8_334_495","2"
"bin8_334_496","2"
"bin8_334_497","2"
"bin8_334_498","2"
"bin8_334_499","2"
"bin8_334_500","2"
"bin8_334_501","2"
"bin8_334_502","2"
"bin8_334_503","2"
"bin8_335_447","1"
"bin8_335_448","5"
"bin8_335_449","3"
"bin8_335_450","3"
"bin8_335_451","3"
"bin8_335_452","5"
"bin8_335_453","1"
"bin8_335_454","1"
"bin8_335_455","1"
"bin8_335_456","1"
"bin8_335_457","1"
"bin8_335_458","5"
"bin8_335_459","3"
"bin8_335_460","5"
"bin8_335_461","4"
"bin8_335_462","4"
"bin8_335_463","4"
"bin8_335_464","1"
"bin8_335_465","1"
"bin8_335_466","5"
"bin8_335_467","5"
"bin8_335_468","5"
"bin8_335_469","1"
"bin8_335_470","5"
"bin8_335_471","2"
"bin8_335_472","2"
"bin8_335_473","2"
"bin8_335_474","2"
"bin8_335_475","2"
"bin8_335_476","2"
"bin8_335_477","2"
"bin8_335_478","2"
"bin8_335_479","2"
"bin8_335_480","2"
"bin8_335_481","2"
"bin8_335_482","2"
"bin8_335_483","2"
"bin8_335_484","2"
"bin8_335_485","2"
"bin8_335_486","2"
"bin8_335_487","2"
"bin8_335_488","2"
"bin8_335_489","2"
"bin8_335_490","2"
"bin8_335_491","2"
"bin8_335_492","2"
"bin8_335_493","2"
"bin8_335_494","2"
"bin8_335_495","2"
"bin8_335_496","2"
"bin8_335_497","2"
"bin8_335_498","2"
"bin8_335_499","2"
"bin8_335_500","2"
"bin8_335_501","2"
"bin8_335_502","2"
"bin8_335_503","2"
"bin8_336_448","5"
"bin8_336_449","3"
"bin8_336_450","3"
"bin8_336_451","3"
"bin8_336_452","5"
"bin8_336_453","1"
"bin8_336_454","1"
"bin8_336_455","1"
"bin8_336_456","1"
"bin8_336_457","1"
"bin8_336_458","1"
"bin8_336_459","5"
"bin8_336_460","3"
"bin8_336_461","4"
"bin8_336_462","4"
"bin8_336_463","4"
"bin8_336_464","1"
"bin8_336_465","5"
"bin8_336_466","5"
"bin8_336_467","5"
"bin8_336_468","1"
"bin8_336_469","3"
"bin8_336_470","3"
"bin8_336_471","2"
"bin8_336_472","2"
"bin8_336_473","2"
"bin8_336_474","2"
"bin8_336_475","2"
"bin8_336_476","2"
"bin8_336_477","2"
"bin8_336_478","2"
"bin8_336_479","2"
"bin8_336_480","2"
"bin8_336_481","2"
"bin8_336_482","2"
"bin8_336_483","2"
"bin8_336_484","2"
"bin8_336_485","2"
"bin8_336_486","2"
"bin8_336_487","2"
"bin8_336_488","2"
"bin8_336_489","2"
"bin8_336_490","2"
"bin8_336_491","2"
"bin8_336_492","2"
"bin8_336_493","2"
"bin8_336_494","2"
"bin8_336_495","2"
"bin8_336_496","2"
"bin8_336_497","2"
"bin8_336_498","2"
"bin8_336_499","2"
"bin8_336_500","2"
"bin8_336_501","2"
"bin8_336_502","2"
"bin8_337_449","5"
"bin8_337_450","3"
"bin8_337_451","3"
"bin8_337_452","5"
"bin8_337_453","5"
"bin8_337_454","1"
"bin8_337_455","1"
"bin8_337_456","1"
"bin8_337_457","1"
"bin8_337_458","1"
"bin8_337_459","5"
"bin8_337_460","5"
"bin8_337_461","4"
"bin8_337_462","4"
"bin8_337_463","4"
"bin8_337_464","4"
"bin8_337_465","4"
"bin8_337_466","3"
"bin8_337_467","3"
"bin8_337_468","3"
"bin8_337_469","3"
"bin8_337_470","3"
"bin8_337_471","3"
"bin8_337_472","2"
"bin8_337_473","2"
"bin8_337_474","2"
"bin8_337_475","2"
"bin8_337_476","2"
"bin8_337_477","2"
"bin8_337_478","2"
"bin8_337_479","2"
"bin8_337_480","2"
"bin8_337_481","2"
"bin8_337_482","2"
"bin8_337_483","2"
"bin8_337_484","2"
"bin8_337_485","2"
"bin8_337_486","2"
"bin8_337_487","2"
"bin8_337_488","2"
"bin8_337_489","2"
"bin8_337_490","2"
"bin8_337_491","2"
"bin8_337_492","2"
"bin8_337_493","2"
"bin8_337_494","2"
"bin8_337_495","2"
"bin8_337_496","2"
"bin8_337_497","2"
"bin8_337_498","2"
"bin8_337_499","2"
"bin8_337_500","2"
"bin8_337_501","2"
"bin8_338_450","5"
"bin8_338_451","5"
"bin8_338_452","2"
"bin8_338_453","5"
"bin8_338_454","1"
"bin8_338_455","1"
"bin8_338_456","1"
"bin8_338_457","1"
"bin8_338_458","1"
"bin8_338_459","1"
"bin8_338_460","1"
"bin8_338_461","4"
"bin8_338_462","4"
"bin8_338_463","4"
"bin8_338_464","4"
"bin8_338_465","4"
"bin8_338_466","4"
"bin8_338_467","3"
"bin8_338_468","3"
"bin8_338_469","3"
"bin8_338_470","1"
"bin8_338_471","5"
"bin8_338_472","5"
"bin8_338_473","5"
"bin8_338_474","2"
"bin8_338_475","2"
"bin8_338_476","2"
"bin8_338_477","2"
"bin8_338_478","2"
"bin8_338_479","2"
"bin8_338_480","2"
"bin8_338_481","2"
"bin8_338_482","2"
"bin8_338_483","2"
"bin8_338_484","2"
"bin8_338_485","2"
"bin8_338_486","5"
"bin8_338_487","2"
"bin8_338_488","2"
"bin8_338_489","2"
"bin8_338_490","2"
"bin8_338_491","2"
"bin8_338_492","2"
"bin8_338_493","2"
"bin8_338_494","2"
"bin8_338_495","2"
"bin8_338_496","2"
"bin8_338_497","2"
"bin8_338_498","2"
"bin8_338_499","2"
"bin8_338_500","2"
"bin8_339_450","3"
"bin8_339_451","5"
"bin8_339_452","1"
"bin8_339_453","1"
"bin8_339_454","3"
"bin8_339_455","1"
"bin8_339_456","1"
"bin8_339_457","1"
"bin8_339_458","5"
"bin8_339_459","1"
"bin8_339_460","1"
"bin8_339_461","1"
"bin8_339_462","1"
"bin8_339_463","4"
"bin8_339_464","4"
"bin8_339_465","4"
"bin8_339_466","4"
"bin8_339_467","3"
"bin8_339_468","3"
"bin8_339_469","5"
"bin8_339_470","1"
"bin8_339_471","1"
"bin8_339_472","1"
"bin8_339_473","5"
"bin8_339_474","5"
"bin8_339_475","5"
"bin8_339_476","5"
"bin8_339_477","1"
"bin8_339_478","1"
"bin8_339_479","1"
"bin8_339_480","2"
"bin8_339_481","2"
"bin8_339_482","2"
"bin8_339_483","2"
"bin8_339_484","5"
"bin8_339_485","5"
"bin8_339_486","5"
"bin8_339_487","2"
"bin8_339_488","2"
"bin8_339_489","2"
"bin8_339_490","2"
"bin8_339_491","2"
"bin8_339_492","2"
"bin8_339_493","2"
"bin8_339_494","2"
"bin8_339_495","2"
"bin8_339_496","2"
"bin8_339_497","2"
"bin8_339_498","2"
"bin8_339_499","2"
"bin8_339_500","2"
"bin8_340_452","5"
"bin8_340_453","3"
"bin8_340_454","5"
"bin8_340_455","1"
"bin8_340_456","1"
"bin8_340_457","1"
"bin8_340_458","1"
"bin8_340_459","1"
"bin8_340_460","1"
"bin8_340_461","1"
"bin8_340_462","1"
"bin8_340_463","4"
"bin8_340_464","4"
"bin8_340_465","4"
"bin8_340_466","4"
"bin8_340_467","4"
"bin8_340_468","3"
"bin8_340_469","5"
"bin8_340_470","1"
"bin8_340_471","1"
"bin8_340_472","1"
"bin8_340_473","5"
"bin8_340_474","5"
"bin8_340_475","5"
"bin8_340_476","5"
"bin8_340_477","5"
"bin8_340_478","1"
"bin8_340_479","1"
"bin8_340_480","1"
"bin8_340_481","1"
"bin8_340_482","1"
"bin8_340_483","1"
"bin8_340_484","5"
"bin8_340_485","3"
"bin8_340_486","3"
"bin8_340_487","3"
"bin8_340_488","2"
"bin8_340_489","2"
"bin8_340_490","2"
"bin8_340_491","2"
"bin8_340_492","2"
"bin8_340_493","2"
"bin8_340_494","2"
"bin8_340_495","2"
"bin8_340_496","2"
"bin8_340_497","3"
"bin8_340_498","2"
"bin8_340_499","2"
"bin8_341_452","3"
"bin8_341_453","3"
"bin8_341_454","5"
"bin8_341_455","3"
"bin8_341_456","3"
"bin8_341_457","5"
"bin8_341_458","5"
"bin8_341_459","1"
"bin8_341_460","1"
"bin8_341_461","1"
"bin8_341_462","1"
"bin8_341_463","1"
"bin8_341_464","4"
"bin8_341_465","4"
"bin8_341_466","4"
"bin8_341_467","4"
"bin8_341_468","3"
"bin8_341_469","5"
"bin8_341_470","1"
"bin8_341_471","1"
"bin8_341_472","1"
"bin8_341_473","1"
"bin8_341_474","1"
"bin8_341_475","5"
"bin8_341_476","5"
"bin8_341_477","5"
"bin8_341_478","1"
"bin8_341_479","1"
"bin8_341_480","1"
"bin8_341_481","1"
"bin8_341_482","1"
"bin8_341_483","1"
"bin8_341_484","3"
"bin8_341_485","3"
"bin8_341_486","3"
"bin8_341_487","3"
"bin8_341_488","2"
"bin8_341_489","2"
"bin8_341_490","2"
"bin8_341_491","2"
"bin8_341_492","2"
"bin8_341_493","2"
"bin8_341_494","2"
"bin8_341_495","2"
"bin8_341_496","1"
"bin8_341_497","1"
"bin8_341_498","1"
"bin8_342_453","3"
"bin8_342_455","3"
"bin8_342_456","3"
"bin8_342_457","5"
"bin8_342_458","5"
"bin8_342_459","1"
"bin8_342_460","1"
"bin8_342_461","1"
"bin8_342_462","1"
"bin8_342_463","1"
"bin8_342_464","1"
"bin8_342_465","4"
"bin8_342_466","4"
"bin8_342_467","4"
"bin8_342_468","3"
"bin8_342_469","3"
"bin8_342_470","1"
"bin8_342_471","1"
"bin8_342_472","1"
"bin8_342_473","1"
"bin8_342_474","1"
"bin8_342_475","5"
"bin8_342_476","5"
"bin8_342_477","5"
"bin8_342_478","1"
"bin8_342_479","1"
"bin8_342_480","1"
"bin8_342_481","1"
"bin8_342_482","1"
"bin8_342_483","1"
"bin8_342_484","1"
"bin8_342_485","3"
"bin8_342_486","3"
"bin8_342_487","2"
"bin8_342_488","2"
"bin8_342_489","2"
"bin8_342_490","2"
"bin8_342_491","2"
"bin8_342_492","2"
"bin8_342_493","2"
"bin8_342_494","2"
"bin8_342_495","2"
"bin8_342_496","4"
"bin8_342_497","1"
"bin8_343_455","5"
"bin8_343_456","5"
"bin8_343_457","5"
"bin8_343_458","3"
"bin8_343_459","1"
"bin8_343_460","1"
"bin8_343_461","1"
"bin8_343_462","1"
"bin8_343_463","1"
"bin8_343_464","5"
"bin8_343_465","4"
"bin8_343_466","4"
"bin8_343_467","4"
"bin8_343_468","1"
"bin8_343_469","1"
"bin8_343_470","1"
"bin8_343_471","1"
"bin8_343_472","1"
"bin8_343_473","1"
"bin8_343_474","5"
"bin8_343_475","5"
"bin8_343_476","5"
"bin8_343_477","5"
"bin8_343_478","1"
"bin8_343_479","1"
"bin8_343_480","5"
"bin8_343_481","1"
"bin8_343_482","1"
"bin8_343_483","1"
"bin8_343_484","5"
"bin8_343_485","1"
"bin8_343_486","1"
"bin8_343_487","2"
"bin8_343_488","2"
"bin8_343_489","2"
"bin8_343_490","2"
"bin8_343_491","2"
"bin8_343_492","2"
"bin8_343_493","2"
"bin8_343_494","2"
"bin8_343_495","2"
"bin8_344_456","5"
"bin8_344_457","1"
"bin8_344_458","3"
"bin8_344_459","3"
"bin8_344_460","3"
"bin8_344_461","1"
"bin8_344_462","1"
"bin8_344_463","5"
"bin8_344_464","4"
"bin8_344_465","4"
"bin8_344_466","4"
"bin8_344_467","4"
"bin8_344_468","1"
"bin8_344_469","1"
"bin8_344_470","1"
"bin8_344_471","1"
"bin8_344_472","1"
"bin8_344_473","1"
"bin8_344_474","5"
"bin8_344_475","5"
"bin8_344_476","5"
"bin8_344_477","5"
"bin8_344_478","1"
"bin8_344_479","1"
"bin8_344_480","5"
"bin8_344_481","5"
"bin8_344_482","1"
"bin8_344_483","1"
"bin8_344_484","5"
"bin8_344_485","5"
"bin8_344_486","1"
"bin8_344_487","2"
"bin8_344_488","2"
"bin8_344_489","2"
"bin8_344_490","2"
"bin8_344_491","2"
"bin8_344_492","2"
"bin8_344_493","2"
"bin8_344_494","2"
"bin8_345_457","3"
"bin8_345_458","3"
"bin8_345_459","3"
"bin8_345_460","3"
"bin8_345_461","1"
"bin8_345_462","1"
"bin8_345_463","4"
"bin8_345_464","1"
"bin8_345_465","5"
"bin8_345_466","4"
"bin8_345_467","4"
"bin8_345_468","1"
"bin8_345_469","1"
"bin8_345_470","1"
"bin8_345_471","1"
"bin8_345_472","1"
"bin8_345_473","1"
"bin8_345_474","1"
"bin8_345_475","1"
"bin8_345_476","5"
"bin8_345_477","5"
"bin8_345_478","5"
"bin8_345_479","5"
"bin8_345_480","5"
"bin8_345_481","5"
"bin8_345_482","5"
"bin8_345_483","1"
"bin8_345_484","1"
"bin8_345_485","5"
"bin8_345_486","1"
"bin8_345_487","2"
"bin8_345_488","2"
"bin8_345_489","2"
"bin8_345_490","2"
"bin8_345_491","2"
"bin8_345_492","2"
"bin8_345_493","2"
"bin8_346_459","3"
"bin8_346_460","3"
"bin8_346_461","3"
"bin8_346_462","3"
"bin8_346_463","1"
"bin8_346_464","1"
"bin8_346_465","4"
"bin8_346_466","4"
"bin8_346_467","4"
"bin8_346_468","4"
"bin8_346_469","1"
"bin8_346_470","1"
"bin8_346_471","1"
"bin8_346_472","1"
"bin8_346_473","1"
"bin8_346_474","1"
"bin8_346_475","1"
"bin8_346_476","5"
"bin8_346_477","5"
"bin8_346_478","5"
"bin8_346_479","5"
"bin8_346_480","5"
"bin8_346_481","5"
"bin8_346_482","5"
"bin8_346_483","5"
"bin8_346_484","5"
"bin8_346_485","5"
"bin8_346_486","1"
"bin8_346_487","1"
"bin8_346_488","2"
"bin8_346_489","2"
"bin8_346_490","2"
"bin8_346_491","2"
"bin8_347_461","3"
"bin8_347_462","3"
"bin8_347_463","1"
"bin8_347_464","1"
"bin8_347_465","4"
"bin8_347_466","4"
"bin8_347_467","4"
"bin8_347_468","4"
"bin8_347_469","4"
"bin8_347_470","1"
"bin8_347_471","1"
"bin8_347_472","1"
"bin8_347_473","1"
"bin8_347_474","1"
"bin8_347_475","1"
"bin8_347_476","5"
"bin8_347_477","5"
"bin8_347_478","5"
"bin8_347_479","5"
"bin8_347_480","5"
"bin8_347_481","5"
"bin8_347_482","5"
"bin8_347_483","5"
"bin8_347_484","5"
"bin8_347_485","5"
"bin8_347_486","1"
"bin8_347_487","1"
"bin8_347_488","1"
"bin8_347_489","1"
"bin8_348_463","3"
"bin8_348_464","5"
"bin8_348_465","5"
"bin8_348_466","4"
"bin8_348_467","4"
"bin8_348_468","4"
"bin8_348_469","4"
"bin8_348_470","1"
"bin8_348_471","1"
"bin8_348_472","1"
"bin8_348_473","1"
"bin8_348_474","1"
"bin8_348_475","1"
"bin8_348_476","1"
"bin8_348_477","2"
"bin8_348_478","2"
"bin8_348_479","3"
"bin8_348_480","3"
"bin8_348_481","2"
"bin8_348_482","2"
"bin8_348_483","2"
"bin8_348_484","5"
"bin8_348_485","5"
"bin8_348_486","5"
"bin8_348_487","2"
"bin8_349_466","4"
"bin8_349_467","4"
"bin8_349_468","4"
"bin8_349_469","4"
"bin8_349_470","4"
"bin8_349_471","1"
"bin8_349_472","1"
"bin8_349_473","1"
"bin8_349_474","1"
"bin8_349_475","1"
"bin8_349_476","1"
"bin8_349_477","2"
"bin8_349_478","2"
"bin8_349_479","2"
"bin8_349_480","2"
"bin8_349_481","2"
"bin8_349_482","2"
"bin8_349_483","2"
"bin8_349_484","2"
"bin8_350_471","4"
"bin8_350_472","1"
"bin8_350_473","1"
"bin8_350_474","1"
"bin8_350_475","1"
"bin8_350_476","1"
"bin8_350_477","3"
"bin8_350_478","2"
"bin8_350_479","2"
